<suite name="TestSuite" verbose="3" parallel="tests">
	<test name="demoTest1">
	<parameter name="browser" value="chrome"/>
	<parameter name="version" value="86.0"/>
	<parameter name="platform" value="win 10"/>
	
	<classes>
	  <class name="com.lambdatest.desktopWebApp"/>
	</classes>
	
	</test>
	
	<test name="demoTest2">
	<parameter name="browser" value="edge"/>
	<parameter name="version" value="87.0"/>
	<parameter name="platform" value="macOS Ventura"/>
	
	<classes>
	  <class name="com.lambdatest.desktopWebApp"/>
	</classes>
	
	</test>
	
	
</suite>